feature_1,feature_2,feature_3,feature_4,true_cluster
-8.226753480680966,-7.851723631786598,-7.637913848691585,6.6666286365273075,1
-5.755514471165257,-5.9325831311530886,-9.61120542445962,7.730575202623238,1
-2.961503942301827,6.590406801569365,3.055976012742378,2.7335843400850295,0
-2.2493148288043265,9.796108999975631,3.4029281253500194,0.6527130708564557,0
-5.883579505345454,-7.636904681845407,-10.260138423377853,8.82485656745419,1
-3.348415146275389,8.705073752347108,4.971142267631666,2.948714811063091,0
6.538187447451106,-6.649860013749685,-5.521516960405861,-6.70111700337877,3
-8.067225610180783,-6.570288883048919,-8.204550875703912,7.737322012950202,1
1.5291774124644038,5.605083559389723,-10.844817008363208,10.211402229987863,2
1.7226235868573885,4.111246938879164,-6.967517023053976,8.286230017465723,2
-3.9245683651031644,8.593640805432962,4.297164319701332,1.170892414719113,0
-1.109842186466748,9.93891981111109,4.699509206148275,1.326232906235158,0
-0.38704142604011693,10.046751388749469,3.120508870274088,1.4889356110744807,0
8.011415668720888,-4.1126032229461895,-3.2114439213459027,-7.455403836170921,3
0.9174374418016555,4.381992982934776,-8.370350961778392,8.88500067872649,2
7.752730159324694,-5.278050039939095,-6.3659044967768414,-6.92118145472063,3
-6.241576089710513,-6.37926511833149,-10.639385490788749,6.780849115764681,1
-1.8638216734676027,10.38291768573067,3.674955375647997,2.6592211439391713,0
6.034529671912141,-6.463006778668012,-5.3846110973012085,-7.70365293219483,3
-1.3414155613929428,9.268706971499535,4.9774814983033036,1.5612927178182647,0
-2.1830646008106322,7.763172551813018,5.563905855435002,1.788267547497743,0
-6.934521191767557,-6.594555518418289,-8.317205328256673,7.96873850144876,1
-4.591127030936472,10.71074249648836,4.85089630343072,1.8764565720703397,0
-2.431829315405132,8.153001926870058,6.163002913497759,2.5120797276253906,0
-8.43620908981102,-7.308224754241859,-7.3375679660017,8.173744657612197,1
1.2531578850768774,3.2215484548120443,-8.758835272152202,9.204370904467083,2
-6.822977266254163,-6.350416838919216,-8.908826534695102,7.810024559324905,1
2.280052775006926,2.9196909804392845,-9.254133696839054,9.242937994415136,2
3.7418645966867943,-6.128039843056283,-7.40204447670196,-7.963185618392269,3
0.14574752882230158,4.7811630018870455,-10.223672502909581,8.208530384149524,2
1.7990979802293705,5.651314994522991,-11.189214092560466,8.56970001845964,2
5.551484497037369,-7.230142713966378,-7.102872063317024,-5.140010468517751,3
2.1241565301261622,5.710471707416096,-10.827417189737853,7.930671777487446,2
7.82949372846058,-6.3805312323857795,-6.3182779468580055,-6.280711901050238,3
7.049334202514764,-5.622152600218628,-6.440944116583982,-7.527203566530568,3
2.461801465484402,4.9403880594330225,-9.130537247932065,11.072689476587424,2
2.5788533593979337,2.8259699868210175,-9.102273824666314,7.850893054301521,2
-4.350071854384396,7.73470916146262,4.015060258532422,1.9992607341515658,0
0.9303663344688626,5.051699056757418,-9.41647077429042,9.95144826322467,2
1.793700319524157,3.1671021813123965,-12.150643772879262,9.207169280639716,2
-2.728869510890262,9.371398699710069,6.117772880969618,1.4548994656670846,0
6.261152899599875,-6.16683345206412,-6.8411462384619925,-7.587045174904718,3
0.9371497083063776,3.3360410259419537,-6.639215688775225,10.642876623976672,2
6.561417487231255,-5.2048981588799785,-5.413906084493499,-6.391324984203818,3
-7.064914850028979,-7.009930293009373,-8.7945162846569,7.176520913870214,1
-8.773241858105056,-6.666815885903008,-8.837122281273786,6.5064342844305125,1
-6.107928480502926,-9.728652213906022,-7.689562056263907,5.583809136720603,1
6.508477757103099,-5.445605118245281,-6.8880676696250385,-4.979707124064179,3
-7.834749770500623,-6.456510527682486,-6.775802837392865,6.25599000124443,1
1.0857938600745798,3.4936719994520224,-9.296117385757578,9.21086802483351,2
6.829915558779518,-4.449939749118413,-5.777334855465204,-6.744323621147804,3
2.522965956245385,4.211225243101869,-9.581246955455775,8.737875903766438,2
2.1823184607169632,4.663234292088454,-8.470911298181491,10.846696273132812,2
1.9698957842867062,5.8655570721764,-8.341418398549232,9.336193033873855,2
-6.756422384366784,-6.328624217235479,-8.794725310263557,9.018573955929456,1
5.663049007340609,-6.037372884363274,-5.16873779398105,-5.437262615357452,3
-8.442173048037812,-7.409162270622241,-8.044063077014183,6.069233492329454,1
-7.971939955823849,-7.196518042970749,-7.625230056656827,7.465239829138608,1
-3.159840192174577,8.527160744433626,4.047484911989232,1.1091789142609159,0
2.357358263948293,4.477607513103687,-9.119042524275425,7.86262492003278,2
2.702516340314625,5.353959068398884,-11.366897698090469,9.717848869158864,2
1.8908276391925078,4.987498727362415,-10.025074351322168,7.791619942501207,2
-7.933309610297624,-7.9479125148551395,-7.888020164662435,9.034136288080628,1
-0.7437433827716533,9.419267839159277,3.378994881893056,2.891031630995508,0
1.5690518258411623,5.613919090391654,-9.26156534948163,9.698671402850714,2
1.9987480839899376,3.987097298018073,-9.363002192043009,9.028670114406527,2
1.6530230956179726,4.30484002326316,-11.364545346982272,9.806849854720557,2
-5.7786675561526994,-4.921762139055353,-10.067877351088427,7.820222138735225,1
5.556689183290346,-4.918466460109594,-5.449729034472402,-7.877639589622056,3
-7.502276552885722,-6.685502138038704,-9.58079834233406,6.003500404277998,1
-3.2924509153889874,8.692224611992646,5.453396053597771,0.7423053675067768,0
-3.3314180186191815,9.257973339690233,4.884845407336824,1.4662265085696022,0
7.607238635850478,-5.701556809583397,-6.134425967652285,-5.257591790215763,3
2.2319596501388013,3.6698153702888616,-8.781187517446641,8.424650843535417,2
-2.281737688448621,10.321428882480749,3.032395601666874,2.157803542473036,0
-0.5444724901363609,9.04954968017005,3.9401533282355157,2.187149594674954,0
2.12819468797941,4.745864536393393,-7.611869529568466,7.8339554315288344,2
6.2366320709839655,-4.8397440544170705,-5.8258707529081075,-5.903723555120748,3
-8.105392854153612,-8.344484473485767,-8.613875938076038,8.370621218110857,1
0.9108422779271437,4.407956334352914,-9.090088365587166,10.538346081761153,2
8.316076927559573,-4.229979164722218,-5.627878658612241,-4.550110894160264,3
-6.11354691276658,-5.653176369391639,-8.938481833115963,7.119849165321737,1
2.4889712168302567,5.682457783080289,-10.537226634908789,11.145560241155444,2
-1.9941499367467022,12.867017618853042,5.210769346921269,3.108735324121331,0
-2.5862993324668544,9.355438103014965,4.916569635558121,2.8003529329767556,0
-2.9968038471252436,8.5817279403787,5.034330978606398,1.552185203120469,0
-0.6134475041527021,4.16482706251807,-9.260488941240865,10.322467182777716,2
-6.907142096201906,-5.107857996606203,-7.17706854208814,6.866426658912431,1
-6.855407734478512,-5.467889037860518,-8.917969147881726,7.775894711748437,1
-7.242068132554402,-7.9997794879020905,-10.133009232356915,8.484349702877223,1
-7.138669336971973,-7.076459442360925,-8.909929016050075,7.286300678988861,1
2.022828193720773,4.7626583048500235,-11.032164930217492,7.102016090102648,2
7.234757017173084,-6.489987922382099,-7.778767847782175,-6.113375760520378,3
8.25763367174281,-4.924988096249854,-5.272638985254289,-6.794849314956582,3
-3.789502021723645,9.886743456478467,5.2900800141867625,1.873993820161349,0
-7.567777536328994,-4.627673787931638,-7.856562269644416,6.99869153199008,1
-3.1361646808405177,10.82673468619525,5.347630771683577,1.4107029080464644,0
7.303828400230126,-4.942419140842767,-7.357363330692841,-5.9117182600363325,3
-7.093070062081478,-5.389383456425994,-8.689660299433898,6.986436944380664,1
-2.9811294888421838,10.103236725165688,4.7041588553235645,0.8954249060114259,0
6.476051078611971,-4.981297631597802,-5.9221935041587415,-7.065066000041321,3
7.849114565747265,-6.216379148519876,-6.77492726297399,-5.178009068675577,3
-7.523177023468732,-5.850148775694786,-9.17310308874255,6.919874452256707,1
2.6478082516952113,5.0466830389099,-10.180666069736004,9.521744739195467,2
-2.3889019913408513,9.52872496225707,5.351493714316991,0.8485275921028628,0
7.15159762349925,-8.246488606764554,-7.329165459381196,-4.702743438030378,3
-3.0230645403894436,7.95507260630937,4.5771997389549295,2.9283120044419704,0
6.554394101566433,-5.3336078144103585,-7.227383616447754,-5.052444871273573,3
-7.460150640955993,-6.291531188855337,-7.1684232522846045,7.718194445321684,1
6.139046122817553,-5.718776774728635,-8.851828009270978,-6.990158215265172,3
-6.822614066254186,-6.61151731441269,-7.309859330223478,7.831358671788327,1
2.5571175712100858,5.390432058409971,-10.225617861112745,9.85658374679137,2
5.0873595935665765,-4.249797958005478,-6.693620749824438,-6.5435767848625,3
6.3690424736314295,-6.717755581344668,-5.857535102402123,-7.0601820053379365,3
-6.899046797039003,-7.183289376110222,-8.03838585469396,5.7072123070621155,1
2.063219410259897,3.159264100139436,-8.847485768663825,8.884983476768301,2
-6.685242889573934,-7.233275886086635,-8.499843913174319,7.028121505359674,1
2.5851810950385303,3.2816372024188545,-7.60124900238451,8.86722614542792,2
0.5051265381924965,4.912030723442674,-10.004504518969204,8.268127704199529,2
1.28812643608568,4.2434471123344695,-9.13102970946871,10.854019365386652,2
2.7211286550667104,4.582424500310299,-9.096291266091152,8.872162200572305,2
-1.4355658731929781,7.987770828787261,4.772848510374978,1.273048869001559,0
-6.0095594604625155,-6.384427705303342,-8.687908851492434,7.688483917964929,1
-1.6860270390908356,9.087604095386725,3.3499179364870475,0.6780909118771159,0
-6.5476468605822555,-6.68960991349688,-8.128875939496972,6.88803654492886,1
-2.5128001621433187,7.855921439005779,6.143277137995252,2.8505319745164033,0
0.5044264881833662,3.8044223551142995,-8.697926950564165,9.973402059346451,2
2.398709760961692,3.2594000015633986,-10.457973195358646,10.523631827654656,2
-1.9185427923604408,10.12298970878123,5.460361017425465,2.48044371504803,0
-2.949242109749734,9.145026705484414,6.081152125294217,0.5373075327612926,0
6.929862066290242,-7.885813412589313,-5.350863246213915,-6.490063647303644,3
-7.491396282056556,-6.917146390324358,-9.26762998115327,6.631101935624847,1
8.832949549388893,-5.182710578079961,-6.9441489584119385,-6.943295050319952,3
1.670885999150443,5.724864914753017,-10.406738780025952,10.930564767918002,2
-7.0745354715039515,-5.746339496408882,-8.244771034355148,4.3831342808344225,1
1.4717633853725922,2.94073913000675,-10.096450311731262,9.250416724422415,2
-7.017075705778962,-5.927235046073008,-7.226049498647365,8.63843736908275,1
-2.273583064944184,9.785151322085289,3.1612925904482596,3.116923727147661,0
1.4727430989555956,5.021039442900711,-9.975440763873465,9.352785825307647,2
5.283028660592997,-5.902187096201774,-5.860716228962794,-4.53554898000436,3
5.134382506827668,-5.431624575095238,-4.608567584210746,-6.313508172147886,3
3.4450483709641158,5.087666958162501,-8.622912629492781,10.634327765046104,2
-6.220381522718865,-5.9425394556493885,-10.445887621004985,6.560798136932489,1
-2.5226948477906843,7.956575199242421,5.4624237483312905,0.7523260339697098,0
1.008404282571638,4.247138717324268,-10.513734740143539,9.653580798914204,2
6.306303615150671,-5.582754015437906,-7.3262332211426,-6.53852108262737,3
-7.441795217729572,-7.089331467020474,-10.521765948856961,6.5176528490025145,1
-4.978436505398262,-6.940770407090567,-9.546734523546473,5.809808522885876,1
-3.272456779595267,7.209404027533802,3.0123363983449387,2.021254630602114,0
7.140282268728636,-5.18345742923583,-6.168018924304697,-6.43075500417063,3
6.27699493372977,-6.48167940811482,-6.043975985075032,-4.678292534439039,3
2.790507451495913,4.3768480613771965,-9.080041474409361,13.324434749676213,2
5.578000397323997,-3.8417986992947535,-7.643956226860454,-6.142429981710243,3
5.260310262177224,-7.353488890938187,-7.580783348078467,-6.172447296127195,3
-2.579363334511397,7.353325194682331,5.069497055360687,2.1808573711038433,0
1.0658638580461668,4.633857833801287,-8.104194085547986,9.753810392025546,2
7.6004025865824785,-6.774380243994777,-5.890028756822759,-6.599550893830117,3
-2.740132153261428,9.71049249301174,6.488834931173447,3.0997347134884894,0
7.2875129846515385,-4.6950994613473265,-5.995880815648277,-6.183820383133048,3
3.7718841390695963,5.542905634611396,-10.88057280918957,10.087904848485081,2
2.0431867231601375,4.392152461639593,-10.848474879256532,8.781835635200409,2
-2.730161796882414,9.041171967192852,4.848261644175654,-0.06856518448355864,0
-6.35679170311577,-7.4538095972145255,-8.862682348896993,9.465793274110567,1
1.7882803757571943,4.627809930367244,-8.600975597494848,9.322246019597364,2
5.361689247424186,-7.150335971547468,-6.9470999822039925,-5.2935309519120075,3
-8.251528334082627,-8.493670991152687,-7.367157429142402,7.114199238346837,1
-3.3381926339748222,8.454105088001352,5.387172441351363,2.583539949374197,0
1.9268359877751027,2.385205222454457,-9.668909863380712,8.565140986239127,2
1.0585413086535649,3.204300641025866,-9.244522232534065,9.349544691669434,2
-6.80099200083518,-8.878310277808055,-7.922000081933529,7.670011391396696,1
1.7434168407134192,5.006609527105231,-9.637207297558056,7.993007196436311,2
-7.66561665165922,-8.211342546833725,-10.674533129739308,7.831514242411247,1
-3.341553196156979,9.485701684584726,4.08765579194713,2.6061015016962426,0
1.5460793613195167,5.035840736633636,-9.325748785082027,9.59178695460743,2
2.2129358261292,5.102762136688392,-10.620834017611491,9.796124093186695,2
-4.560297651169575,-6.486791753881575,-8.64627864014598,7.014406451296201,1
5.6382545960795225,-6.26843618024272,-4.833305456994636,-5.666982640629582,3
1.2222616704665292,4.097926981305553,-8.350871979399813,8.940895388153097,2
-1.651537999850731,8.854347598234895,4.620862628325413,0.9706403193029232,0
2.973749511922262,3.7949445355528573,-11.29218170091067,8.473731055110331,2
6.906051786364363,-5.99388296096469,-6.35562047116326,-6.657520855079827,3
0.052196417152340135,5.054048894220218,-10.799482043364732,10.12896116230641,2
6.873192472786518,-4.849200231673162,-6.660982856731838,-5.019926064357377,3
-3.189222344631241,9.246539825359324,4.932951309526783,1.258818265914364,0
2.880751351520841,3.926830985963495,-9.550072119123923,7.949605628606342,2
1.346592155702564,4.195603973408933,-10.675556052946753,8.312371914354701,2
2.1140527193125487,4.413691952347587,-9.70453915720591,9.612910226410412,2
-6.830767120825565,-6.839517902072064,-9.540319444442765,6.6606219979477554,1
-3.2683302846064484,9.16467991467453,4.981634812005261,3.8493405231566182,0
-0.6625606270050843,7.944201361872169,3.1143536653033626,1.2812616140594875,0
-3.9877196134201776,8.294441919803614,4.1792400652683135,3.0302919101596477,0
2.432063030823673,3.300363645747338,-8.18494014395876,10.096100315778914,2
-8.405283505721364,-5.617525489848765,-9.390185902528458,9.881722201166955,1
-8.023353398471931,-6.7715498874994235,-8.871557747280471,7.115406058226164,1
2.5746001725436987,4.7870824895669095,-10.285081932513526,9.980223610324613,2
-2.6763157033696046,9.160999814631644,5.846387802736459,1.156234012953496,0
-7.018083175135044,-8.104407829565313,-9.047351013922036,6.473002461289403,1
-3.2363347988776185,8.766767492646817,4.565445407128055,2.59384178149141,0
5.675473977981401,-4.746084449961318,-6.027355692831759,-6.559386062884731,3
1.2798160023257916,3.6761457205530403,-8.357435600929216,11.083211321948395,2
-3.0396987706632776,8.438467887553642,4.364827139076457,-0.32875148079485284,0
6.880298738534008,-5.1067282487087065,-6.57916829340562,-7.204870893385024,3
5.653704334155056,-5.934720948570144,-8.540565702300842,-6.153433139045934,3
2.1076183774292,3.3531858342799827,-10.418754520640515,9.920711148505644,2
-6.638874011662701,-4.278426479095552,-8.272818111004467,5.562760156342885,1
7.656296789203634,-7.008140454436769,-6.178790181076904,-5.393994265420669,3
-7.5185889388407725,-8.203199386683444,-7.1963125964996415,8.333340004841338,1
-1.7707310430573397,9.185654409388292,4.524230553839861,1.6720659883514433,0
1.9551219448148205,3.445691566810157,-8.906258048371331,10.885443198575814,2
7.8307439089683974,-5.272309693685582,-6.566024882922818,-6.860206849594303,3
-4.065826796576654,9.62029607954396,3.3594494837318183,3.727963865925097,0
7.541806686117205,-3.9235975847183897,-6.773187248487485,-5.619587643351162,3
2.430907542565943,3.853643084782025,-10.426895912531181,8.51151612095643,2
6.248953753877299,-5.483923033853743,-6.408393685980524,-6.1494087723321105,3
6.288813547251453,-6.481294884289798,-5.9901520961465895,-6.019531592464752,3
0.6712258686561543,2.8389935991773387,-9.10644405236546,9.945461840617853,2
6.721533340337777,-6.164710930996657,-6.452734810079437,-6.369480447910805,3
-6.329575092126718,-7.8484540481395815,-8.732952250490051,5.9894974205804985,1
6.552229145993546,-6.169184714381836,-7.309246716554769,-5.723663611246355,3
-2.0957627198290494,10.891081940756388,3.8660896371245284,0.728514980629315,0
1.7914338610194067,5.614712219241943,-10.9269159138072,10.091115666271497,2
-2.5586613327051833,9.689105620364925,3.5171568146658028,2.3555794301247825,0
2.2716088305059046,5.206540030005662,-9.44342228098706,9.422100086524841,2
-7.198681126817888,-7.676135450079435,-7.762320618037412,7.344834564170645,1
1.415599940098879,4.372735248200382,-8.38823115765709,8.90629459573368,2
2.219592500495382,4.472760229363794,-7.888352739507571,10.469740195474772,2
2.504366962199562,4.530184703238429,-9.1945128158677,7.470524463894276,2
-6.284872849485984,-6.026694034495639,-8.079399166849246,7.604714339468079,1
-6.8476230420855035,-7.63352746362213,-8.378355613696893,6.645807545746597,1
6.824139594942359,-7.0899432253104075,-6.775324024821645,-6.199981836159367,3
2.287662584263804,3.5786928983093267,-12.02712727236038,9.263917881053581,2
7.489587298137985,-5.545415279081164,-7.65612600301025,-6.864078366058513,3
3.1040669625370043,2.8492323624895026,-8.966240123777903,10.727130362775295,2
-2.147561598005116,8.369166373593197,5.001274441736515,3.511206250406701,0
-6.556459476966489,-7.027712179574615,-9.304364258504252,5.7288198482319075,1
-4.866239943624647,-6.743574262193209,-9.203649307948119,7.508203221363612,1
6.194305097264992,-5.9718710638695125,-6.454900213367102,-6.412788300796785,3
-3.760737047243194,10.45805073227158,4.557727657835533,3.0904655155288596,0
-6.385597004868531,-6.6194358274520395,-9.38863291048143,6.651899547560651,1
4.81717056880241,-6.804527698073821,-4.866068972678361,-4.474207459393591,3
2.098255502780263,4.904133974280631,-9.106061161403295,8.160534620912589,2
5.4694836943758185,-5.58096340002344,-5.6919694841289346,-4.803878443543491,3
2.0365733027006097,3.2075121365242643,-9.995346427010732,10.084515500196586,2
-0.061812704634412796,5.886148205682018,-9.875757633484307,9.685525947642896,2
2.909187624961476,3.740689762239856,-12.192523970711086,9.59714519003638,2
-6.894937040324265,-6.300818093674859,-8.718747388221857,6.350453974617148,1
-2.2421473571834913,9.90391692382176,4.722162825503526,3.038650059006083,0
-2.5752774217000667,7.803269928435865,3.9880427284259423,2.020568355257146,0
7.684940467054692,-7.1761927116961495,-7.333624916237631,-6.729467568423045,3
-2.5493555736970936,7.583511026080274,4.76798325113889,1.2921180264658512,0
-7.924436385172304,-8.846466182651948,-6.782120626695688,6.2203145497770205,1
7.92424355400745,-5.904932220011706,-5.830141411152538,-5.492441298412919,3
6.98740569229435,-6.691143362970876,-6.146875680453369,-7.357662486571601,3
2.7790889148511577,4.773920349934511,-10.604993242660449,9.154116569565685,2
1.491085940256577,4.645328207108949,-10.690602263920374,10.079556553682835,2
-8.285944654823105,-6.963215165904641,-10.343048130667013,8.083578879188305,1
3.6395128098328,4.265807493444122,-10.487094162407079,8.067883417500896,2
-7.202307029993406,-7.130942609730994,-7.510133614786953,7.879752924899363,1
-2.1655793334842888,7.251245972835587,4.963962805622897,1.5880874035244155,0
6.042349427792696,-5.297313591263774,-6.822590966076979,-7.0265101720944685,3
-0.9436735938184098,8.948535867125333,4.084679309534903,3.854326753381322,0
8.952491568113224,-7.2326620095742005,-5.104267416071188,-5.185468932530596,3
-5.662468670325774,-5.358793541353496,-7.84001685848805,6.891902602780655,1
1.8322611998626812,3.8040061331104815,-9.76870179584636,10.771045517916416,2
-2.7481456699191598,8.106722466156723,4.063107505659769,2.728560909766488,0
2.4406984557528593,5.5630501488673385,-8.937860021547811,7.895116741480068,2
8.077710523822002,-7.227349918476582,-6.949428329175743,-6.002803024221194,3
-1.8767898839972292,9.98684057782505,5.261688798445298,0.4029449640502756,0
-5.996517414004111,-6.957946790288749,-9.018807670226636,10.516630483343564,1
-1.883530275287744,8.157128571782039,3.5689863381669893,2.455642099183917,0
-6.556547918035241,-7.132463095402234,-9.130139025551554,5.760332106802046,1
1.8208087009166576,4.154930240691451,-8.989515724522041,10.066537531957966,2
8.23869179418912,-5.179146565540476,-4.963906010712194,-7.674037551416439,3
2.108193241157506,1.9421511831733738,-9.818109744659145,8.546790608979572,2
1.1004404217388624,3.15749418383941,-9.381042784685008,9.467541380276137,2
-3.494923669388294,9.518332643716166,4.10962121785566,1.1802968516783878,0
5.7923545785992365,-5.655547409686141,-7.627999062812953,-8.125016255465901,3
-6.019153702791525,-7.463187031844885,-9.005449470422421,7.606102865987003,1
8.025349266027973,-5.440085646421322,-5.6764348599990715,-4.8653689436527205,3
-2.2951038789225464,7.768547349486333,4.813059762079283,2.358487063669569,0
-0.9580456475302273,9.12996076249118,5.819176020291928,2.040688165350841,0
-2.140524314179849,8.62094731587096,4.668623659162919,3.251621546548031,0
-8.572584005346656,-6.978449220070696,-9.826918863786927,6.219933598282932,1
-3.2112507169301026,8.686623981600553,4.247770683095943,0.5096547358086134,0
-3.0264860731531225,10.423633568383902,6.938776959847352,1.6103311235010729,0
-4.222332152143627,10.368158502363734,4.5253389909754835,3.2109859959141938,0
1.6639600828429535,3.51390975028575,-8.844118142584014,9.216972870021783,2
-1.9223405292524798,11.2047417540083,3.649342511097413,1.40687195433796,0
-6.5123398777499295,-5.0419259164808246,-9.061793739007863,6.974206119380506,1
-7.353466538222186,-6.894561864154226,-8.292043508632311,7.329945185309641,1
-5.403086841425374,-5.5000182391284955,-9.46389045814554,7.719326448936112,1
-5.641344119717634,-6.858838016539885,-8.529494744037047,9.02573786013394,1
-7.3449376479313235,-6.986057947580083,-6.193984409618976,5.82055258710355,1
-2.4606759951079233,8.183336011787283,4.91033566200794,1.9229315744915951,0
7.549251404403499,-5.301992467115968,-5.18000698896806,-7.509950670307704,3
-2.7617657744459105,7.766502946233472,6.272290140159736,0.5430283059800993,0
5.411426177785863,-5.643809314601507,-5.034859827609757,-6.018725329066344,3
-2.151410262704467,9.575070654566556,5.722930079403378,3.0269717359756347,0
-0.9160109964133532,8.503070451767137,3.6502740159695204,1.8473827638410838,0
-2.318098555032847,9.06072267635447,3.2800226952481824,2.719423249967953,0
-5.91574807435636,-4.669586591684595,-9.395819541643844,5.953719935919626,1
-6.791220304859423,-5.402579512220685,-9.980016870769516,7.129863456218985,1
1.7024527116093318,4.313209548169649,-10.423453015713974,11.487735764934659,2
-2.015879722171861,9.199122251893195,3.7815210560468877,2.6734795633497233,0
-0.19453905637924152,7.147020935606573,5.326139026602615,0.36045381275108035,0
2.8336967893557676,3.0131882671682906,-8.769532470329091,10.93612896165244,2
-5.910169990624533,-6.452915231404262,-9.484555066479814,9.098833808108216,1
-7.757609777907831,-7.706989947315806,-9.064806648537537,7.690888422314881,1
8.64040611821317,-6.585279091284334,-6.913615938794527,-6.478935226362173,3
-6.943765537744262,-6.551347182972466,-8.516970541185737,7.745443669733988,1
-1.7522090064073983,8.092120804020697,5.5094847563337614,3.328807542745683,0
-7.598034456720468,-5.985185216331505,-9.133277434928038,8.571264988172437,1
-6.710972519184542,-6.438168943706538,-9.928726834078857,8.734455295244974,1
-7.70721741179999,-6.793965710229572,-9.910466768621617,4.402172432004096,1
3.4864774736166133,5.158310329386717,-9.307673709593814,11.15681752743502,2
1.3005626815269222,4.338272428060307,-10.134990198671217,9.126541932913833,2
6.995562793613356,-3.2416612348500533,-8.20357840036374,-6.364190413980794,3
-3.5220287433871738,9.328533460793595,3.7318547607068906,0.5608659826054405,0
6.521198134490246,-6.313825423281787,-9.292949345860256,-4.278937778429661,3
-4.103625281847117,8.414911105244549,4.645122535946284,2.020150277705474,0
-3.0828596299329867,8.467427186957929,4.607125566012103,1.429744912806967,0
6.454583684029917,-6.50900928659284,-5.314793529441424,-4.676502689843028,3
7.430982817539895,-6.54411716810203,-7.143353602079626,-5.249924993681382,3
-1.8637134419116748,11.177540851503782,4.3321006012751,2.192320011604671,0
-2.52771075904514,8.725627489278184,4.962597396566191,1.145938740388409,0
2.4481874410572115,4.180599333336661,-10.22979702312826,9.88606932811096,2
5.5372725664948845,-5.78904336514094,-6.894955207217203,-7.89976922829678,3
5.848912309306502,-7.661219923557784,-6.756553412919389,-5.330277977722764,3
-1.5830200755211088,10.923702768668452,3.24131126240896,2.536138920631303,0
6.093306036521569,-5.5488287548315,-7.5656501819340765,-6.727590514687588,3
-3.515215004552452,7.80009751541059,5.797989709728169,2.7648323779036676,0
7.02800593473456,-4.522995610783689,-6.9604749425790615,-8.722214170400761,3
-7.982993797325143,-9.03300018622843,-8.449749152105046,9.816522432931494,1
-1.723397464401918,9.439743689983287,3.672902693098888,1.925458327798752,0
-6.699733039997792,-5.488107306931347,-7.920011150633697,5.753022311875526,1
-6.586069258984641,-8.236691397899351,-8.371897774202484,7.287881433201219,1
-5.771444374413754,-7.920015520401478,-8.22555385157344,6.270107352325047,1
5.25306361381595,-5.161868544676077,-7.087490987600597,-6.527300154108348,3
0.8920965101902518,6.5731282314993305,-8.071916058830379,10.00031536363237,2
1.9767879895629334,3.7372152225228654,-10.15814304232271,9.727705778812895,2
-5.774101258193286,-5.693079287715566,-8.199597534606825,6.18051800276822,1
7.536356783422495,-4.992371132122999,-6.303414661242824,-5.943597797507874,3
-7.316013081677839,-6.989719397201777,-8.926690715841346,6.953511885616575,1
2.239075798626805,3.064149028288065,-10.177176940822648,8.560934612190186,2
1.2913439591487024,4.919373405844528,-8.902802375293748,11.246805876536298,2
-1.6095977476194996,9.321585649074931,5.452740955067061,2.602798525864344,0
7.171103452026214,-5.851133032877381,-4.091065935411105,-5.442872680651432,3
2.701673517820679,3.012657520762253,-8.921997613174739,9.860788336093837,2
-1.8190536313416377,8.613065656312486,4.8639713180385185,1.9857620847225268,0
-7.32290944234278,-7.764912307302848,-9.011273816559433,9.035231395641047,1
-0.21593099846079644,2.0407514032858427,-10.195175291941126,9.855883629293437,2
-2.2494751213312685,8.109969503093913,5.278471295005476,0.3116496216717721,0
-2.851885217133099,8.64284526220253,3.23236714151028,1.1953529963498566,0
3.286006912518844,3.3151355784551733,-9.044830735413859,9.5980074769586,2
6.067070782616382,-6.9270977508434495,-6.56143838484267,-4.264003464767772,3
-1.0580540152577085,9.973556954283529,6.793061293739658,1.2058221210526825,0
-8.073552197550326,-6.73716649851224,-7.105812757150918,9.554823061691335,1
-6.571576651647168,-7.271758160697738,-8.569200815390904,6.980330640001292,1
5.495520412802691,-7.440562133545187,-8.157393153725877,-7.687357306043613,3
6.9326038396699365,-6.741091127335226,-7.210351621983352,-5.082290897634657,3
7.464353838452698,-5.80130629376525,-6.546651126911282,-6.688582937111195,3
6.196903444096558,-6.542556292154151,-6.370545641338542,-6.547519381499346,3
-3.038957826819789,9.527553561311677,4.736956385576142,2.9418146744736213,0
5.816897898513984,-6.391500512962971,-7.178876284174109,-7.398144734830549,3
-2.2282057553177177,8.391586608377727,4.4317565858708265,1.4801687492818991,0
-5.562512123811405,-6.998178120267025,-10.960182655644605,6.715700928404271,1
2.9193664317513077,5.436326597199631,-8.936788122744446,8.260511372815069,2
8.73489986554555,-6.767977279620329,-6.724963422551974,-5.915463764829871,3
7.289395751083209,-5.630139584778296,-6.476628708373728,-7.631126166377148,3
-3.571501336778855,9.487878558833502,3.720454601994298,3.5231040889582714,0
1.6471038545402386,3.843736459164675,-8.306666319080183,9.95588810396501,2
-7.9705936213664685,-7.2909238812305315,-9.944032425121947,7.108601885209968,1
5.106051300798789,-6.385972816319516,-5.767059518276235,-6.966195650620727,3
-4.024388685251303,10.381160395642846,6.2848465497293855,1.7241336443843536,0
6.545421591718152,-6.992270488961119,-4.267657154048829,-4.737467411182127,3
2.891456299253449,5.048742393187651,-10.351596218262532,9.436134878687488,2
1.505870590976604,3.964984972492812,-9.79416954496429,8.651618696699646,2
-6.223726414621509,-6.6853733985571715,-8.857036513081908,6.935004462409817,1
7.626668365694636,-7.858864728274801,-5.209910312541062,-4.9455604056684805,3
6.266035626395467,-5.876946732709313,-6.761180349472592,-7.515940361153883,3
7.072919677526887,-5.7137707381937375,-7.799410179726515,-7.64772561935883,3
-7.008164702590201,-8.761958638773585,-9.387052664376972,7.416367816639818,1
-7.125689679281218,-7.723356188592138,-6.667385039138196,7.147637103066367,1
-1.9872560574358524,9.311270801431508,4.890371686573978,2.319617893437708,0
-3.0319206435717896,10.06329535403521,3.9355351456853422,0.5647083875771723,0
2.522164358604547,2.7621453811189673,-9.22066082109253,7.2981705355882625,2
8.042307343532867,-5.042668684136691,-5.9341598330562535,-5.952270154545358,3
-7.0498118136761985,-7.3333376426032215,-8.141940309179295,8.278828124069214,1
5.853295748067554,-5.328823848573465,-5.083981986097829,-8.548728642285388,3
5.494490147775451,-7.505046593186196,-6.753424362417433,-6.173856313011192,3
5.9398318583779455,-3.799958648907909,-6.889380331753191,-6.154159696663292,3
-0.8220559879801854,9.895925885147772,4.631906194911484,3.453113822830758,0
2.3944057074710385,4.550610751588837,-9.641430767101497,10.621765925658513,2
-7.2282793255591296,-7.229367297594376,-9.159962807853393,9.400270899059544,1
5.787149745752178,-5.723186307270395,-8.515884200467168,-5.455454157428388,3
-6.321300278629548,-6.804104201863535,-8.299571764189642,6.402849322419337,1
-6.324022725147822,-6.790528912020698,-9.035666176943337,7.172249631845191,1
7.867047527762692,-4.695849481056252,-5.49130365578501,-6.6469965341254325,3
-1.5458214938084285,9.42706705513482,5.4619389962225915,3.869962666594679,0
2.7157791467781696,3.7694389160017794,-8.528373730037329,10.015202992816583,2
1.3043813441165737,3.9309269307406582,-8.408584905723242,9.592304674193244,2
2.282742498197732,3.6226096997281707,-10.596864798160158,7.435571351567307,2
-3.888516851067277,8.283356088256403,4.6067518633543045,3.7677275474585197,0
1.757785393553565,2.1575891915141554,-8.952892083874724,8.158938648386414,2
7.598868644678081,-5.5102130643800775,-7.896201215747919,-6.528190454319261,3
1.3979548451509516,3.976926198265059,-10.193054778622164,7.192630986140816,2
-0.8805820774814583,7.63418466998343,2.936496396872947,1.9176219850441132,0
3.018870745443623,3.694956176692711,-8.947830318883128,9.207693937242075,2
-2.2130773459881743,9.275341400378212,4.644992292870563,1.7385825505655852,0
2.0379185688137786,5.063728729707556,-10.496066294230872,10.917480966881655,2
-7.92653817383321,-6.343456840748661,-7.652623601973014,8.04247622616377,1
-7.258754932138757,-7.083689953378308,-9.420008670584654,6.308766184805837,1
-1.3460338708977906,9.024519189217909,3.6583701851801504,2.435273158204003,0
8.664127926469076,-4.462573325511929,-6.760695972003975,-7.434179543387179,3
-1.8272446517577863,8.704019371604865,4.964045188716543,1.8430266295730475,0
-1.8109743094391604,9.407771513620071,5.535072056255833,2.6083414856227014,0
6.309730536738397,-5.383156671165522,-6.487233335957744,-5.874104193005539,3
-7.425871639403753,-6.4883055878734,-10.317239325410139,7.5068828352778585,1
7.149093285445005,-6.286818092873644,-5.14267935704494,-7.208683584143168,3
-1.6685540740640261,8.361662148895931,4.193695403013321,0.08362895299520101,0
7.898357716714594,-7.085995183914127,-6.712939983074944,-7.104478551687564,3
2.346357263085736,3.0137601661052416,-9.50310066445005,6.407061072339163,2
-5.881617081291618,-9.776364971469636,-6.749953051855282,7.183933287343529,1
1.9794768535526008,4.219474290729304,-8.739879231878666,7.151307709255281,2
-2.4534727107640557,10.10847764666927,2.9474142065132822,3.502720003401346,0
-2.1822702492885875,8.795185599389457,5.469284417411591,-0.23796562506715313,0
-5.930073055709946,-8.36500756172585,-11.392248891537966,8.257842826737978,1
-7.553117815395138,-6.601115431052144,-9.673674809895768,9.468672043272091,1
-5.239662661779877,-6.137982102204054,-8.762894117734417,5.721557103601535,1
2.53309232339177,5.192032141544966,-10.246144667936088,10.252722270306501,2
-7.5211087863742225,-6.448187048602006,-8.037918231408328,8.077814245312277,1
-2.4636257831489363,8.362685780592505,6.783822925553427,2.607088706258743,0
-6.775426087199394,-6.942702721175469,-9.592292345502687,7.042847838631929,1
7.90169545043592,-6.201442402734626,-7.055750985123884,-8.300832945347407,3
-5.4871618910869415,-7.1301561078749,-8.549634127356153,7.583844754269924,1
2.2863203161978456,5.433805056027676,-8.855818011304148,9.686920706064909,2
-6.182672786640534,-7.213929083031957,-7.6652031190493695,7.693165107696797,1
-6.343117347580867,-7.778577575066984,-8.810146599266883,7.3144039188545,1
5.529306687625267,-6.146747642404206,-6.184805939047512,-5.102695018634273,3
-2.399802828447857,9.740052752097014,5.120888067964815,2.1970537082198636,0
-5.926490557238025,-6.5929854280741225,-9.450765131276448,7.685026440704805,1
-2.6704833347187593,9.41833698501286,6.526064737438632,2.147747496772571,0
2.5929132320837067,5.12963621645377,-9.919618497267274,8.785960308732136,2
-8.682766867407215,-8.464245536281437,-8.571201105624526,7.832247938728637,1
-2.9293844401486075,8.732501519337815,3.295428325193824,1.0545177374565338,0
3.118769468675059,3.5357742684246967,-10.907557308682719,9.19521640584423,2
1.1330594066358515,5.116752114158662,-8.712263321554158,10.870867718990867,2
6.9663060772586105,-6.0860781908169885,-6.456887514757936,-6.861241915379694,3
3.1049912887512487,3.6903269041030304,-9.681946302823121,10.723993690782077,2
-4.9808421231800395,8.217390872727846,5.2169509634086415,1.7701242978977394,0
-3.282022837590322,8.777467521458313,4.154515288398998,2.0550438233270545,0
-7.851283925692556,-8.259727758064876,-9.465044981225976,8.185916387881463,1
2.110957825825613,4.358767263326505,-10.205962009518302,9.082124187212836,2
5.919250346201026,-5.391800469161374,-7.656642199616636,-5.759519491755648,3
-2.2194227661563373,11.089686926843761,5.511003539659794,1.647146151772891,0
2.6951614708309957,4.753265689662287,-9.942350825024976,8.824595270342986,2
4.078843799693717,3.0305631205949934,-9.114678037272496,8.471815913258348,2
-7.596449511754075,-8.746646210349006,-8.92100844247871,7.201775407115419,1
-6.497691738919717,-6.450067946084877,-7.808044302604168,7.562312074525217,1
1.7661204823687955,3.91995411005013,-9.65007431394408,9.87763856132595,2
2.371950282163869,2.5966487845588535,-9.492965914642642,9.134748827157637,2
-3.0541167098616997,9.413422242550393,4.602244133803253,3.0764715659572532,0
-3.3489194652335263,8.4148934827543,2.5159831119182945,1.447414662259971,0
-7.49302985469221,-7.182579279764075,-9.22650457517724,7.493939137874191,1
-2.31013792747928,8.414069251039527,4.70968092121812,1.5878560870789717,0
5.866849323497399,-6.512920903914764,-8.134569208946079,-5.860367422513118,3
-7.554805466125652,-7.024628263991464,-9.630747677635972,7.015561385859663,1
-7.548699929811186,-5.840204905879871,-9.443943296372874,9.14953262904564,1
1.572287376868362,5.418600772783481,-10.123645201100175,9.756650661449505,2
-1.0435488541311961,8.788509827711787,4.707407040916025,0.5484214977272752,0
-5.267406562895846,-5.983270277410415,-9.106858404541843,6.432330690083416,1
8.360893100026328,-7.500854296262738,-5.928730591301097,-5.8564791204047,3
8.099780364287648,-3.9460211427965914,-8.046159349980673,-7.355938393817703,3
2.498658004220395,4.666921715087536,-8.528100206585071,12.157857082150963,2
-5.4894196421339565,-6.322299286924085,-8.82797513679263,6.011686683148543,1
6.574879952414058,-5.828883390760307,-4.390958479068179,-7.717897745330322,3
2.4590387865976853,4.565746310882607,-8.352527922261796,8.327143363590837,2
-0.06472678373789309,3.5768338252637095,-9.619369046954853,8.488513626258053,2
-6.47589710081466,-6.9043051996668625,-9.74202961736614,7.647882197220306,1
6.463007063815688,-5.4432188032689215,-6.420089144757884,-5.112939013137661,3
1.9190454747151282,2.5182627447667416,-9.764164518516022,11.059667208967904,2
-6.710266367115192,-8.293824090180927,-8.949553817984711,6.419615274033913,1
3.761151586717507,3.8402087898029973,-7.755753070604749,10.212348805358152,2
1.4422469934941327,4.400856056456286,-9.088625003781017,9.87019931415916,2
5.917221077099907,-3.8627771012786942,-6.314192324337765,-5.563070126962427,3
-3.2655483683370536,7.592032418600647,3.9933059519855747,0.891621680326337,0
1.5181204038565042,4.079928882819263,-9.240633630545615,8.910968479126334,2
7.819051525205039,-5.618921289186684,-6.283902793481952,-5.777852031815416,3
6.484517610123045,-5.541124433360301,-7.356859355439938,-7.347788629921302,3
-6.746086286368988,-7.03257942965649,-8.13021907994742,8.280225232293287,1
-7.944740854226643,-7.1853342976306145,-9.447839958795294,7.136551612513257,1
6.346672229025814,-8.356354874261775,-6.724811217825279,-6.396093964220143,3
6.092734069247655,-5.883278079988097,-4.694431130031656,-7.2744678087232,3
-3.5464437773792064,8.823947450114714,3.7642605828433444,0.5903699529763959,0
2.6518298190859864,3.3571357962609163,-8.692954683321352,8.766619314074555,2
3.2453833019595004,3.902597155551077,-9.235805145727072,8.827845676826206,2
4.4490167212096985,4.594411381281605,-10.965927614838188,8.833423039068943,2
-2.530099217016898,9.131613511507103,5.917543732016526,1.3815982951049022,0
-8.460817893183403,-5.985071279199831,-9.32138880831945,7.470315927484252,1
1.7092422043410214,4.160742961344263,-10.838717848053669,10.002712369595253,2
-6.479939239398629,-7.531466487067775,-9.366944438385767,7.909886934253796,1
7.251947500957269,-6.603753065181521,-3.878310739179096,-6.067134491953344,3
2.9544917991245603,3.924896268701963,-8.452689966901007,8.291903530828252,2
7.4282018199137685,-5.792237305812021,-6.781410201623878,-8.3577176760427,3
-6.754402688503363,-7.3095151344012,-8.716030253603726,7.866820944535091,1
6.979704120624014,-4.302216348303141,-5.484083614720585,-7.409285879916082,3
5.837851952379591,-6.86726423659647,-6.104839508002599,-6.119170027073664,3
-1.6735055109876082,7.884579273540703,5.169683014143384,3.4147383045986324,0
-2.778604457497308,9.731828383994284,6.142235888324129,2.047264464360507,0
5.9341721390180036,-5.231937881420662,-6.041822114481487,-6.163849996964504,3
-6.423739419069663,-4.715107248374863,-9.481845987016154,8.251363043579941,1
-3.1207154260446983,7.607625031350099,3.716645590117197,0.6214850783243984,0
-2.1380517496814413,8.4103009414825,4.726468623701002,1.8174924485486526,0
-2.267235351486716,7.101005883540523,2.9149610037150686,1.4108821546997592,0
-3.0268089220889216,9.23807407983722,4.623455940155349,3.161562957388816,0
6.469759530992279,-5.3573980053385535,-5.670644900040176,-5.597272257471993,3
-7.013935932621818,-6.069301320116164,-8.044839036083797,5.574990942260523,1
7.084828205508481,-8.285463871654162,-5.681431165795356,-6.205731899269357,3
-0.725204607861059,3.6617213797692783,-10.114557970601371,10.786534821448335,2
-5.006329414933725,-5.800061527561298,-9.285649652294762,8.604539277233815,1
1.557895972554788,4.6235124491728055,-8.804919604801356,9.14665815719539,2
-2.7549406871386943,8.741562558450651,1.9429921932865297,1.9188748174229198,0
7.327784106067714,-5.890213275876935,-6.882897027684114,-6.6728176802774035,3
-2.554783639408248,9.257625577521013,4.398642778371771,2.325225080455029,0
5.978737615554203,-4.581499871718317,-7.5396739924127685,-5.844349505844605,3
7.155093805314362,-4.30591208704267,-5.795397450729341,-7.381565301841265,3
-6.711166214881656,-5.562512057667987,-9.844870321915652,8.463401476627748,1
7.754753240365744,-6.31716527449272,-7.179717900399952,-6.2537667399616765,3
1.6093024127207416,3.234753247073598,-9.619749284458727,8.549768409049072,2
7.424008310043218,-5.200177700582119,-6.12947620150484,-6.580438421005773,3
8.930504652547278,-6.370859463368173,-7.898540903390347,-8.211919836839087,3
-2.8449823223428785,10.683307653487715,4.380287484864496,0.4700267308226258,0
-7.06252363225611,-5.505233174127762,-9.484291935760545,6.52433090884845,1
-6.1427832940588365,-7.16143715039416,-8.771337039411138,7.839462133202803,1
-2.338332184924808,8.830302791845643,4.658312769293494,2.320751389302403,0
6.5094556153452015,-5.013564634709805,-8.272856743365281,-5.013607478078654,3
6.410742379696382,-5.707215039181203,-7.268115030851754,-5.159152957663879,3
-5.926502145775183,-6.367024173178653,-8.113231969788012,7.839701202613662,1
-6.679057993920328,-5.731472243847231,-9.854149575614407,7.3852027653466745,1
1.364183745788919,3.857725527144244,-10.934181037557167,8.578939183518388,2
-3.4838792932800717,9.801370731940773,5.798474415235505,1.1524873655890215,0
1.3275871037751175,3.7521691178078047,-10.112398512018544,9.550551915273608,2
2.9376905104243374,3.6119112813253738,-9.705076029879198,8.762639201835484,2
-2.495268331139804,8.990161041088319,4.837963596995956,1.8288092720167894,0
4.872841061960034,-4.689276798873621,-6.1109318098613645,-4.947377755337417,3
1.8455260717483934,2.6128332570571624,-10.079463861226056,9.113321549870216,2
-3.3346948198452617,8.692900286545328,5.052810290503726,1.4094451311367573,0
7.081115766642591,-5.2831735990662745,-7.071126550680014,-7.044083667107367,3
-2.5439093927579934,7.845608090578789,5.782701650743122,2.7251027166275064,0
1.66253158907509,2.8354038698388706,-10.001775275207226,9.658477549822772,2
-0.4484496981707631,10.769626970641525,4.390914687749028,2.9447406348950875,0
-3.8294308300733926,10.845744894052675,5.819318956949388,1.5039940318360272,0
-7.251833967222323,-5.791360973571761,-6.9537414507014015,8.866766443770892,1
-3.393055059253883,9.168011234143849,4.698087554674101,0.8301993861101089,0
3.9848874253949704,4.165147227768756,-8.576847078675595,10.739672958770766,2
6.594947967002697,-6.735521366811792,-5.241642799627517,-4.011869080914064,3
4.779111116313015,-6.141738561617486,-6.1730767659329295,-5.882691081646289,3
-6.885698102691164,-6.041618818824305,-8.756498398088445,7.22463326230756,1
-1.6837812740647204,9.82779576419896,5.9453576433824304,1.9941735255734911,0
5.684147390257721,-4.124749231662156,-6.647885305464497,-4.741327730313474,3
3.0696179414856237,5.331041548348683,-9.817700858151978,9.354720093426023,2
-8.058666982311072,-5.692430204814383,-9.302945053934403,7.524682571371542,1
-6.15199764751429,-6.828163707468647,-8.10568767942043,7.242806335390121,1
-7.347328392463162,-6.533605711545231,-8.885248335515195,7.800563742721825,1
-7.531045194765719,-7.363995427330268,-9.15867506483033,7.7476888619006195,1
-9.379032906024843,-4.589167020685204,-10.227900223399606,5.678124168541811,1
-8.246505889566691,-7.10487499516863,-10.00844078269537,5.5215424779186835,1
-2.342745414839694,9.506737392206471,4.929047480135919,4.428469823851627,0
5.281994452727609,-5.1606505125871465,-9.067892287460763,-6.961794355295134,3
-6.137531819141963,-6.5808170128694545,-7.536586467237212,8.885034112225556,1
8.325245843216639,-6.698724666377208,-7.516851166453947,-5.194595260566595,3
4.817707937670086,-6.981661617700239,-8.43908866493652,-6.417979495722217,3
2.577812881206424,3.2427650444348144,-10.005676927689036,9.10310712900198,2
-2.030217797306358,9.347948233485269,5.677418780486001,1.463153285085985,0
-1.6966718006585522,10.370526156769145,4.5678687146477674,2.976702581832756,0
6.368859514133956,-7.032248522654263,-5.84820633423352,-7.166191612965949,3
2.016704216035129,4.830193211513421,-10.680010990223266,9.011097340765485,2
-5.285122127926298,-7.727070941594274,-9.829720106092317,5.170132801894988,1
-2.237618785857377,7.737537552378012,3.558822295819839,3.0263225372736358,0
5.299276604456903,-6.168431554339748,-6.329473244785755,-6.220537201091271,3
-6.900994485499706,-7.62732127242377,-11.262568016908952,8.207568311859752,1
6.165291332161899,-6.365384703589298,-5.872292990445992,-6.68993918267831,3
-6.469808534222757,-7.121367247894489,-8.165754055433279,9.22340485039392,1
3.826648344650919,3.97054776419361,-8.86855217193577,8.104924085368722,2
2.904633297187585,3.7093612230878286,-10.058352261843453,9.664075272891935,2
-2.4333930648590236,8.33712441668621,5.614998569645852,1.8261123024385935,0
7.145052003371752,-6.288534499002136,-5.852001080496127,-4.396755762871095,3
-7.187661475337011,-6.100449061006607,-7.528019010516402,8.71920672628866,1
-6.528997091877711,-6.390922463128283,-8.20360628807424,8.433222757454926,1
2.044766127676222,4.708570671096119,-10.769122929392797,10.512518737908758,2
2.9441017368414277,4.644139443130122,-9.16821562363211,10.005047636455558,2
2.4855065269632988,2.794313749460663,-8.740135901417283,8.165673728471377,2
0.9326671975217873,3.3766896477932056,-9.95881821267398,7.992630024061244,2
7.658324604604404,-6.598159225027973,-7.862516616316389,-6.423754567266279,3
-7.177190694511262,-5.504402779964327,-8.988383343668538,7.449099368970246,1
-2.422150554814579,8.715278777732454,4.731639612763604,-0.0143992306601608,0
7.888436822449997,-6.1494474645362365,-5.295121322163971,-5.727788913342806,3
-7.615157133741037,-5.644016418065509,-7.7470176360417415,7.9326610364058805,1
7.944915877789832,-6.860374603236929,-6.729006592843254,-6.483209023163846,3
1.3729271965427496,5.482755588193921,-8.168707109570313,8.797773477501181,2
-2.637115214533517,8.058745687597895,3.033432515970529,2.176633319807955,0
-0.9972119209566497,4.345301100674604,-7.787798932573097,10.637143396179324,2
-3.146584750359268,10.203302659305873,6.060383084217956,1.4024233901912557,0
6.87461433912019,-5.73560453450082,-7.338866683136238,-5.028401870996564,3
-5.960550708163502,-7.170384137464598,-8.570935442564107,7.645220721694717,1
1.199880302481975,5.28248222324538,-9.588103049165754,9.388896722101272,2
-1.0622197386990173,9.210840904709896,5.671723375696736,0.48760931090376003,0
3.6957523251627125,5.501912607711256,-10.887891351011548,10.22792946111906,2
-6.90614845040033,-7.761984244503664,-9.001394720579775,6.578620270692254,1
-6.101266114984632,-7.43129530960448,-9.656526640058317,7.320148458087751,1
-7.443874789808659,-6.6955582900789095,-7.296217804068135,9.329615803657827,1
-1.5709138170767525,8.498241399980948,4.735999613169085,1.5108943952356895,0
6.874116933255985,-5.060495031317617,-7.632831152404687,-4.629395144801718,3
-1.9915386025836272,8.288542315044856,4.82664560070518,1.2177867515874095,0
-3.8136671235576034,9.68395867702836,5.00647708232495,1.0332898976133769,0
7.886506573520434,-5.373450150393581,-7.331546414368233,-6.642217508316227,3
2.408623552675736,3.956980334934787,-7.8328344157684615,10.971216768454742,2
2.5711840701815403,3.906495762367211,-9.713764374086852,9.726076567399243,2
-3.299672078498062,9.485754485334317,6.521903332703135,3.3185897300957095,0
-7.547717644794319,-5.888067243739424,-9.013287513331418,6.567777756005858,1
1.5855804988235802,4.095318941295086,-7.488588324917435,9.151171342493889,2
-1.901301113336211,9.20089525135468,4.193445221677573,2.1672596768390395,0
-4.4762116059129955,-6.937728390309532,-8.637228709921043,8.374177311506315,1
-9.052296737165307,-6.032687916125525,-9.373655942589933,7.232989633194542,1
-5.966042564918021,-7.683288543956292,-7.345639187676489,7.052399314456134,1
6.794374013776676,-6.3673403514427935,-6.222517956245928,-4.743282874887727,3
2.4091087555533783,5.252431981106875,-7.576039668383186,10.421906589346868,2
-7.48183925151305,-6.4113353372009225,-9.836713195824302,7.625314815318169,1
1.5661794073899875,4.34287817603488,-8.993280648248387,8.840773990131565,2
3.146653594734678,3.827374324940968,-9.02370418819035,8.378532704547771,2
9.89194578560317,-3.4453015358183663,-6.544949725105504,-6.438246805462638,3
7.644434330010466,-4.05004517651644,-8.001529713294005,-8.11828526828601,3
2.998116954208885,5.079905999863323,-10.834027490530335,9.453131154239735,2
5.756065300516552,-5.239603322203381,-6.3287869071054255,-8.300414016369377,3
-2.6672055216317396,8.587405058250901,3.6277744609679337,0.31831301207496265,0
8.57229861083339,-6.5278327564530585,-8.05268369382525,-6.803173543633843,3
-7.785359492013889,-7.533875931924767,-9.433989050679502,8.69796100866952,1
-4.818123614514873,-5.671743362682804,-7.814265230824548,7.916049864699886,1
-1.8664748631852062,10.343438658330752,4.836400005929572,2.6821734415292444,0
1.8354040767021909,2.530978312205769,-8.382315597537135,10.175604396004397,2
-2.0082804354283694,8.03673088339977,4.739211141657327,2.724556807312521,0
-1.636876986332072,9.197628133936673,6.829681769445774,1.1648713985855805,0
2.1870610761006923,4.212339257776927,-9.414968449713543,9.642150241148386,2
7.222597237012849,-7.029522202972813,-7.651808273321525,-6.03919432078947,3
7.530260344932007,-5.0320824238888955,-7.279774756421713,-4.976467001825828,3
-6.905181262142715,-5.707380574016582,-8.294727602041577,6.952908583412597,1
-1.5587737848667,8.43738247253592,3.7414641648797433,2.4650888554472377,0
-6.8028053000910145,-8.163101817464517,-7.8420609371888705,6.829766332337391,1
6.7011113065059185,-6.813822852831078,-7.0805168049859235,-7.616494068631293,3
-5.658593495625917,-6.298011889807331,-9.064811855485843,6.3640836787752235,1
0.15576028350355942,5.168965245757831,-10.272939939843955,10.188822642402656,2
4.992229608330662,-6.277665922697128,-7.09880411653994,-5.6104304791739805,3
6.360304120132731,-6.536971307558905,-4.628564080021179,-7.1886818967581165,3
1.5193254643128324,4.424938771251968,-9.294085985070458,9.163789242923563,2
2.7268067746888986,4.950508243296428,-9.50448348615459,10.80865618844339,2
-6.967909239502525,-4.3004002556216285,-9.642002324605741,8.962639720942772,1
-6.25805530129522,-7.24971992931958,-8.461227362733824,7.294260101813725,1
-2.7790725583461215,8.035522412416015,4.19558557615199,2.350470176985584,0
2.556805883344726,5.049106981794745,-9.908977739641143,11.193408399152208,2
-3.5902609506526475,9.630221735142586,5.232980094196485,1.6636232446267418,0
-7.480994835102484,-6.56032765913341,-10.43132149016768,7.763997653459102,1
-6.56045268073209,-5.539659147252802,-10.713500226281756,7.43854899464612,1
-4.805544521401297,-7.79949418486237,-11.36861527938234,7.037518693618592,1
4.01796772464814,7.27137011192627,-8.981587054947768,9.215000424519499,2
-3.3017183614854506,8.899549686731422,5.144866115208559,2.8389248781108534,0
4.697750951969811,-5.609629849929317,-8.181479881245142,-5.5721975074471555,3
3.5851890033723732,3.8874584740916047,-9.83169409345897,9.098358846965006,2
-3.8868669910098412,8.0764610882832,5.154914103436761,2.486955634852941,0
-2.409546257965109,8.510810474082122,3.0892154051619687,2.0417326587467595,0
-3.227641844305186,8.800838976486475,4.950786401826106,3.448525900890284,0
-2.412201658060032,9.609443153635235,3.8216581529946287,4.065556959626193,0
0.4911927323084535,4.675706311938744,-9.016252672369808,9.336006026240575,2
-2.3314966221194964,7.678941769488221,5.020076687234065,2.583755429224555,0
-8.49475900705678,-5.7153702388187755,-9.57291933343406,6.513270478484322,1
-6.811771680623867,-6.027335918153727,-8.353594939341535,6.47716626050783,1
-4.178602904174122,9.557646320578257,3.977255077282255,2.5437683525338914,0
-6.797187438216767,-8.337661092740877,-9.147536833685873,6.57136650990812,1
-6.216745922483858,-5.706635735790622,-8.657306197932304,6.026690967542857,1
6.83402835283835,-5.327772922250305,-6.1412108000571335,-5.05304398961793,3
-6.450810690820697,-6.187003986012803,-8.661886201358785,6.956495076415381,1
-7.010884158243575,-6.803257710317179,-9.063183738444089,6.673520334675244,1
-3.9572115234689944,6.81548017157824,5.079893286281433,1.4711154595881208,0
-6.899264990077952,-6.327619638858799,-8.614413622571348,8.687663345472547,1
6.881639558948599,-6.509981763450403,-8.55342236083654,-5.137317582417593,3
-3.2245013323127183,9.693883877132997,3.909512204510965,2.189628273522707,0
-5.793731625319692,-6.405411360395994,-8.863354715381154,8.14128921469899,1
4.630364951619798,-5.608154040475095,-5.57032496763931,-6.453966935052601,3
2.4147162020429427,3.65248793021341,-9.613884426275945,7.629121138350768,2
2.717837992429953,5.010553666664053,-9.882277061748134,9.326597791381818,2
-1.9326406599969839,9.325536282741858,7.718759644683339,3.0927445953753088,0
-6.366521392975187,-7.139656270859864,-8.099517275748507,7.938890399511757,1
-2.300334028047995,7.054616004318546,3.3116927873296707,2.1700309198098555,0
6.891734829158711,-7.835316489623464,-5.810351499478778,-6.880110101098096,3
8.41004094087581,-5.753531459046251,-7.545374781278789,-5.882435890099017,3
-3.317691225945938,8.512529084613785,5.5552809539301755,2.3019207936004165,0
-5.914775558053813,-5.2645267697277145,-10.072676628515932,6.731058656345809,1
1.8467362893649601,4.8301063606788155,-9.490242574545006,10.6940688251029,2
-1.2422864738661274,8.306616662579541,5.08369826437433,2.7478037373700688,0
-3.513338389804818,8.246488563094193,4.60519394884132,2.207384416477253,0
6.950552824910171,-5.577681556855879,-8.207294239338733,-7.222227650951195,3
-3.3559913411211553,7.499438903512457,4.19336388416108,2.8295684782642043,0
7.714024781722822,-4.3006010409482975,-7.2798215749314075,-7.168830506727604,3
-6.766356780613505,-8.318387571593313,-7.919098822060807,6.655378829959709,1
-6.719053210101405,-6.877063573122532,-8.40138958688966,8.514169190285045,1
-0.6434231119079936,9.488119049110109,3.448575339025453,2.6297232925745617,0
-1.6788618065085046,8.158202302289455,4.711445073447494,1.4955122371756153,0
-5.160167431445762,10.105792980120784,5.885964028725731,-0.10022054846741746,0
4.4349156564770915,4.946055843818932,-9.607570493818345,9.135306214031619,2
6.151920790890458,-5.935786760814018,-7.353458448410001,-6.36691741293756,3
7.431726550957008,-6.184343356009576,-5.955447809021232,-5.78111223065766,3
6.347993068867609,-6.962694721853282,-5.974521926505804,-6.080436193990812,3
-2.980235928671073,9.246336065555958,3.191794494730777,0.5657059095641768,0
-2.756375005573347,8.332301880200523,3.638258826333186,1.692069391054777,0
7.84158798142485,-7.011085942343365,-5.632120403282995,-5.74148774167986,3
-6.039007164646717,-6.333376025074568,-9.077259855805705,6.956698503684016,1
-2.7326604083786012,9.728286622290414,5.113116460801646,1.9003407712838591,0
2.3179247236112706,2.6448090065001177,-8.111375687965676,8.23041749197195,2
-6.906032948110197,-6.59994843445634,-9.647931276557657,7.7475839599627925,1
-8.873362833722725,-6.506053023428374,-7.610658764162718,6.113881896807498,1
4.91765151256351,-4.258279558981241,-6.322175023587369,-5.888907672483948,3
3.8932654102359576,4.5510657332918125,-10.456602845960317,9.932826129362322,2
2.082232865130504,4.4388284938791,-8.2276515182453,8.089376644120774,2
-2.62152567274358,8.793316528665098,5.254045536271526,2.730677393988037,0
-6.654942465399384,-5.947518761402857,-10.256693489569042,5.562714103517927,1
-3.1219863135371364,8.626584568262338,4.9257442269530065,2.307626473927757,0
3.9264368244371823,5.787410471282972,-7.369529880635817,9.239151832839834,2
6.191004429825947,-5.912580018580384,-6.734083418258771,-7.679956914871491,3
-8.858927001527057,-6.132199337158413,-9.911070782375816,7.5627697796098525,1
-5.575286948273117,-8.54260158131162,-7.805781552294353,8.450228052326286,1
-9.031442592480575,-7.599262912518367,-9.049457995463705,6.336343388347519,1
3.6028409214325494,3.1463573640930402,-10.39916762529429,8.14061918432527,2
7.093051143299108,-4.6518948286987145,-5.896955344407861,-4.985684046728576,3
0.11449267698678467,3.301066545141407,-10.001915647505596,11.285884700580077,2
2.5954280481053758,2.3755850639867977,-9.947939786536413,9.699304382431627,2
-1.885077806000595,9.642631637462602,4.627632063381187,1.0759153124549004,0
-6.986929335155499,-6.432392667465669,-10.409203908704509,6.196755446588898,1
-7.3684766129375445,-7.999727026564958,-8.697441509724806,5.555083549935851,1
2.275465472902157,4.981795568533365,-9.621922678787664,9.852937955381021,2
1.3034678472554453,4.90645686879819,-9.783007410200632,9.334008866131388,2
7.627274928036471,-5.231075240500541,-7.467170484388356,-6.662699027258881,3
-1.5551958595595479,9.66567737950412,4.324609591587755,2.7321389044339996,0
1.833179844087142,5.083101667845368,-9.715859234461485,10.909351973487233,2
-1.7875255590095152,7.885234356981092,4.115358569948327,2.46254424516865,0
-7.0005753397590516,-6.460577149368919,-9.72581993443811,6.886064615175293,1
-2.598933317339977,10.454403343647794,3.9634865341688315,3.7741101168515474,0
-6.366027084581553,-7.412810432937858,-10.008244592346298,4.451260702217054,1
-0.7115110962032276,9.655128989465332,4.068699846445305,2.5457524652968906,0
0.3674127986358795,3.201405260641445,-9.711019047679676,9.491569417516537,2
-7.138423253818372,-5.28146242277123,-8.277408308694772,7.028042597469542,1
7.3634626066450535,-7.803159065011955,-5.20442659090209,-6.668164541612396,3
4.673365044791298,-5.002118331927167,-8.428583702114308,-6.303452221748165,3
-2.9436938504850656,8.705114004729682,4.862012607861814,1.4944210622772547,0
-3.7094940301085266,8.679784892357373,4.164933525067145,1.31984045136702,0
-6.9840764096887415,-7.048931316465957,-8.768275593522828,8.485401218106894,1
-3.3696109883367025,8.629730583968497,5.646171645442542,1.3962778144175831,0
-4.287917871957029,10.510330439687504,5.294244492582159,1.917585013030277,0
-7.869255327721608,-5.939338405287731,-9.82081515017432,7.098889765501679,1
-7.03975998671791,-6.208769516825481,-8.625131128398321,6.571553583759884,1
0.5711245448126168,4.1493626080748545,-10.84070355849707,9.761828925864855,2
6.72204980701013,-5.903460775232737,-5.171793158750923,-6.415627762780535,3
6.584775051859719,-5.216926876917287,-8.559628476957934,-6.494033778411182,3
-1.7982376548492587,9.458549439684361,4.278912670409022,3.13249948730498,0
1.5564946657460128,4.010613844354213,-9.662257679692344,8.946537567080263,2
6.752290945316542,-3.711141746290733,-6.086142193893312,-6.354188782115037,3
7.749674214431041,-4.691846821561343,-5.831494457036045,-5.970248741684307,3
3.60041829242636,5.146901241536128,-8.719155521587055,8.942657517216015,2
-3.619773468518579,10.766556571621944,5.575557229375563,3.2447247789348905,0
2.873198197032148,4.0240797675215125,-9.197845264155061,9.29497529030739,2
4.571040996152239,-6.073515590971119,-4.720122500053454,-5.971261911495529,3
-0.37616424839648355,7.062198328675819,4.488093741192518,2.5614868904253085,0
2.1975116537726875,7.146710558524319,-9.220828448609646,9.084667357067488,2
7.093626623840031,-6.578871469236619,-6.214137173586799,-5.967769506876662,3
7.15444205784431,-4.264104678106188,-4.092050910435192,-6.736307226115285,3
1.6871624536927239,4.50378939041053,-8.034149693369177,10.25217301979211,2
-1.7181656760097033,8.104898673403582,6.042673147164201,0.5713186211484511,0
-0.9586971302386733,8.01593208745953,5.624201234704685,1.759180839715223,0
-7.806980325341844,-6.641740610541161,-7.863130126853581,7.824617085438549,1
-7.815065893195865,-5.794127477100915,-9.374291201750058,8.131580713779849,1
6.426377919230171,-3.706355590714919,-7.03843467464854,-6.734985791996355,3
-7.012260937533844,-7.854638897946588,-7.731247087349038,7.203141751545105,1
7.690577480067287,-5.1696734834225895,-6.493017902721428,-5.752052517636192,3
7.314269639700214,-3.812000349970728,-7.241823733037727,-6.709917701949541,3
6.844984275032343,-6.657286076170477,-7.912461180911462,-6.073933821710143,3
1.3127203801150031,2.9029466452455743,-9.805327164508322,9.089714254784067,2
-3.436128094630833,8.954760772136522,1.3986114961590288,0.9487820426064422,0
1.6944055183512579,4.316642239779888,-8.763211849416317,8.531066827528985,2
3.831606584597286,3.9434056605285353,-10.435944042703035,8.746108154646825,2
6.498912096929327,-7.186369600959189,-6.88816306292479,-5.838254955288173,3
3.074247852587094,3.163390928606496,-9.972281386036302,9.64839724949158,2
6.727429845727586,-7.881951880849289,-5.9053325410692885,-7.31163102764813,3
5.767784479347143,-6.465438550083528,-5.176766035680656,-4.895574397225345,3
-6.596339319605128,-7.139014566980024,-8.251633955160736,6.8486192588761785,1
1.2385345692777792,3.4709105036046495,-10.504502029565193,8.56637483500944,2
-1.8506533503799196,11.02449066696467,4.462931608734052,1.1748724394022783,0
-5.265915922092623,-6.426575291761967,-9.08248439192666,8.28761008378706,1
-3.053580347577933,9.125208717908187,3.488885258805799,2.348867702286404,0
-6.443067386993603,-5.976174752189752,-11.201260192177848,6.313792210788765,1
2.692780852105388,3.089594322880753,-11.142068880100016,10.216086701264915,2
6.877849208467776,-7.611119237832764,-5.760253155286594,-6.033751336940798,3
6.077106774052375,-5.4206102761102795,-5.4303725835169185,-6.554630503707931,3
2.9124986459889626,5.196700890644662,-11.434497976322046,8.468686183047476,2
7.313555561341546,-6.306138623801779,-5.36167580217605,-6.829480641316531,3
5.941960248021087,-4.897662127413765,-4.714019761534066,-5.261299242952138,3
-7.362370713333302,-7.833438201534659,-8.715657440641214,8.948201373968264,1
3.976457668614462,3.6557048516589723,-10.647217701140551,10.879860445702485,2
6.791901585887388,-4.903605797918264,-5.670643071620551,-5.749338484122519,3
-5.3661774479091395,-6.249297908721169,-9.862514580965215,9.177615481832891,1
2.437165735226086,4.624740086039015,-9.544795445440485,9.956336557758393,2
2.705869558064653,2.7954958447203744,-8.376366128697551,9.659447574473742,2
-5.201926377074829,-7.433697834983941,-8.269344677450736,8.95191953862724,1
7.849384474482308,-5.61285791658643,-8.33057035944514,-7.449096264638326,3
-4.043311793788373,10.291962950096831,4.972192848207693,1.2246831473841784,0
-1.2534414974792294,8.119678825978818,4.4530071920667424,1.533438625666557,0
-1.4507731362031624,7.255546641775207,3.4566203235623263,-0.06606249381936857,0
0.29649350607357894,3.4838869035852538,-8.394200711036579,8.417031512100204,2
-3.0985623799969617,9.863888225219346,4.996894322193149,1.2802600886800777,0
1.5930558145655138,4.7500048256916285,-11.186434465967698,9.860369709321828,2
-2.1009448673382782,7.311702523960481,5.6690344735537455,2.4457671663537752,0
-7.879958515756845,-7.557854563800798,-8.324419906977095,7.503104697438301,1
7.11322267955501,-6.303769718142965,-6.047142334321843,-7.217158489055546,3
-1.9621002418827123,8.812093475764428,4.422197633000881,3.071946535927922,0
0.9057757949155165,5.397263175927847,-9.744208292020618,8.849909746749285,2
1.424790040172534,5.583821417619417,-7.849410450286372,10.377055094021681,2
-6.157245833323499,-7.252942745367713,-7.111363905402605,6.923886729884101,1
-8.075510253186454,-6.435506925055806,-7.6416962699903594,6.713740011179321,1
1.4164394141052823,5.880829462128205,-7.595794760915833,8.631540455456538,2
2.705629227675245,3.9521377363415473,-8.515332066317939,11.762069537859247,2
8.263631606718286,-6.075245940926536,-5.03806854676291,-7.7387248124288615,3
-6.625887529656697,-6.412416421510513,-7.752541431696663,7.421506068969599,1
-2.548752776909405,9.695786825570947,4.668197212358563,2.002925823436477,0
-2.9592630945319938,9.63713606054582,3.572258406845507,1.8307901989194386,0
-5.207054804313566,-6.461090583909901,-9.54333961239442,7.267753837840997,1
-7.05269901543514,-6.864530545694479,-9.934602843531213,5.883472032904409,1
1.5350973136692485,3.8095302381044,-10.358306180281408,8.102080378989992,2
7.102361528562903,-6.735511820689156,-6.304516434268391,-5.885037302128626,3
0.8328883419968478,5.804124509176872,-10.488930848731819,10.03658896884827,2
2.6445073789075777,3.0226184381401398,-8.549198326663682,9.322432756704426,2
1.4183196088949461,3.9319029005605617,-11.227794276609385,9.005725937179013,2
-6.341331112101637,-5.807602255966144,-9.203280486178896,6.484313248159697,1
-6.480404068545991,-6.232913653573205,-9.321514218935384,8.897509678788737,1
-7.128318317334817,-5.272764017255954,-8.347352804997758,8.058400701548521,1
2.573776510103699,4.502040772321406,-9.197614193155808,8.071724914928803,2
-8.282232462950963,-5.130532850089008,-10.082190992027295,6.630617717702796,1
-7.942020719298149,-6.451802496068298,-9.025472021640558,8.309252911178566,1
5.449155287643127,-8.069361649403353,-5.505486460555842,-7.160106075896558,3
1.9829929472365444,4.0269547715191765,-9.254450147515417,10.82956382507107,2
-6.338164462946482,-6.1209544329733,-9.41483815736273,4.732480623353793,1
5.505833503934707,-4.933059599678993,-6.428189260890506,-6.259035704915808,3
-2.3956802778015023,9.676416802719368,6.225895652373453,0.735354185113883,0
6.147068623196904,-7.125683334318578,-6.04052615224032,-6.392913774786707,3
-1.3599242967670744,8.311109703072434,4.60489034573114,3.743970319576242,0
-2.327331367994255,9.262506714498658,4.180517936687857,1.1233253144759403,0
3.043683530293574,6.249894328790834,-11.17429342632191,7.518272658100841,2
8.344575693819301,-3.8559290916613653,-6.2068069276114635,-5.3083791587459785,3
-8.07326402290775,-5.960955419665945,-7.837745438593032,6.652902706422058,1
-9.015301405129966,-3.742361059615953,-7.782270947569959,7.5467618296278625,1
-1.8273061334264389,10.860993453934356,5.223807021554065,1.6138775931536724,0
7.344255290558735,-6.894226296187215,-6.475009483000932,-7.136876283783884,3
-2.166472276675046,9.471039347352106,5.209646116460306,2.4208782439580467,0
-5.690713819676628,-6.171805746074883,-8.486879549094427,8.393673153815131,1
5.724288701630336,-7.3508169560299095,-6.690517973467759,-6.545366582281762,3
-1.4425229334635963,10.183581718643994,6.0220378272656285,2.621879571530375,0
0.846705629239324,3.266381713644304,-8.991081895830566,8.449849039015685,2
-6.008329893694026,-8.226089273522696,-8.711948177089598,9.262451914556987,1
-2.4489674131117236,11.477528240683608,4.447517871446979,2.2747170262743444,0
2.047688655406586,2.2417783997232528,-9.602147860178189,8.708469269175712,2
-3.186119623358709,9.62596241703919,5.670878358724052,2.904449803056931,0
2.861240735333788,3.544198369373986,-10.146611868029982,8.298042810268191,2
1.4144249741883579,3.6223288527719304,-10.136578909009028,10.231530955020194,2
6.041498382796224,-5.830438831657522,-5.937656997228158,-5.9137040470433515,3
0.2016969343156585,4.431508914312331,-11.500565089503727,9.329562997154417,2
5.1295067405315935,-8.585373384545045,-6.814659514266986,-5.780169003020403,3
-2.170701215558336,8.59899821429752,5.272660702334386,4.243862541745128,0
6.656031282916378,-7.839695444805562,-6.2030110318845075,-4.1193787635340815,3
-7.100880814737042,-7.156922893164867,-8.530921058826909,8.139260128038,1
-7.271385340195092,-7.8025197777744495,-7.222952067166569,7.001202446287364,1
-2.7545857390556208,8.260549963840832,3.750364406602578,1.1573593989752937,0
7.099456228870975,-7.623034125966641,-7.525284499770351,-6.615048699675091,3
5.2759933645273716,-5.401737886082275,-8.341725905232797,-6.284974900870954,3
7.074342749248666,-4.555970862789249,-7.735174353088453,-7.041350805358871,3
-6.126285570046738,-6.498951208393169,-7.548575002553265,7.996704266768662,1
1.5792562137356934,3.6819585885216655,-9.29173456894319,9.861381838507471,2
-2.201395854160691,7.304117735541696,3.2916934141223884,2.716433777963447,0
-7.013644357824187,-6.86542139854675,-9.62322606971825,7.971803349342562,1
2.896817308996698,3.5116863290726417,-10.791510969473096,8.356152630996784,2
-3.7313254319446956,9.727284558370709,4.399553438069966,1.5983488763911344,0
7.51048894050638,-5.614157387781059,-7.940497138048984,-7.134734246882166,3
6.02111890992393,-6.041256660356553,-4.944969310709951,-8.819718459466403,3
-8.089321933992377,-6.2801808632797425,-7.307576924292313,8.54228476719602,1
-6.71977079915387,-7.907784734201905,-7.57261991577131,6.457348067284203,1
2.6380713846353174,5.365335993089725,-9.72775638976495,8.948007778388474,2
-6.260472930146072,-4.822614123564248,-8.817534048960603,6.5955199742695685,1
7.49562359122493,-7.880445206785972,-6.462594956099257,-6.934730458715285,3
5.7853592110435015,-5.78442127537356,-6.345483783813541,-5.859279457087918,3
-6.81515277634115,-8.855576159629818,-9.777663150454764,7.179435359777088,1
-3.084835449290524,9.136295942843683,7.199963374496896,1.8771097842160822,0
-5.152084021050559,-6.443785923601914,-8.80032427846781,7.4435542422169645,1
-2.22922899673293,7.888797080899945,7.085630815844928,2.1023908659159596,0
-2.5450236621627016,10.578929784012328,2.020133732138357,2.795072188315956,0
-2.954700144453522,10.467670605316023,6.219450981958814,1.4503096567874638,0
6.788740048847563,-4.757099571523348,-7.75372258101145,-6.1741483636375545,3
-5.69015670222663,-8.107717408412938,-8.240927686786153,8.024695657809602,1
1.1269539125011514,3.7533507167606883,-10.58412550887418,10.049333285063543,2
6.386193295692268,-6.089604731845613,-5.403195859576517,-5.86942617886447,3
-5.7535769403791015,-6.931503316864433,-10.611360224842892,8.585444416212695,1
1.393036841171387,5.6951792658374085,-10.124111577136249,7.690839085646939,2
2.055097230275762,3.4029562212208395,-9.818710828289719,8.473963898971581,2
2.701443010302371,3.8594060564310446,-9.917757900431042,10.130067747528182,2
-2.125132174113443,8.981591380104229,2.5724367361882248,1.8840496444279435,0
5.824917329036436,-6.472327237883663,-4.313688560072062,-6.331226983973841,3
0.9929287266821041,2.8087812700773744,-11.110669300301842,10.510885418229812,2
-6.266109218420853,-7.902902158474352,-9.095704294059356,5.654938841621114,1
-1.459644907733415,8.479050916637753,5.957272901862427,2.1707692886331316,0
2.20613475118668,6.854485219901406,-9.238510089516044,8.394142446397876,2
6.969638541941119,-5.559165842828603,-7.63356174457002,-6.044953948629615,3
1.2363142022291933,2.780406952767134,-9.284491518479076,10.11975954836603,2
-2.4115215245039185,8.241276344342856,4.664389010487044,2.471167975186182,0
-7.05225449109209,-5.996449655789275,-8.18600487822259,5.747130758514453,1
7.361564844869767,-7.63636799449306,-6.73581970879591,-5.894596615892363,3
-5.683055689486778,-7.038639166302916,-8.865632296145943,6.390254956425507,1
-2.9883718608980403,8.828627151534505,3.533543862222073,0.7769630598600612,0
-2.2531678887388744,9.996977112143835,6.305353280690678,2.9875397489588624,0
-5.582632644590161,-6.902977655574829,-9.83762998893092,6.818747994270486,1
-5.692241139586519,-4.290545951257332,-8.258694583422434,7.649319232080869,1
-3.109836312971555,8.722592378405045,4.038172223998704,3.82544786844967,0
-2.616227983007308,7.9790438057789475,4.086229530880919,0.7752917913518835,0
6.9964144298119875,-5.66652008702008,-6.007831707294758,-6.140332406737234,3
8.504356130802698,-5.528983041899185,-6.709927161864887,-7.943477162034151,3
8.546619832754413,-6.701110503703463,-7.19782370134957,-5.567880021358464,3
7.9258182020966235,-5.4151943053327685,-7.570522303715203,-7.4072221959805615,3
4.046609858151028,2.7982775513280984,-9.398603946473555,8.736214865443277,2
5.182067625392759,-6.254619933320114,-5.388188197380009,-5.816281714487367,3
-4.379989544078606,8.662772644157013,4.658297215417653,3.649606996216015,0
7.3549317298235675,-5.99589906324651,-7.38986986352388,-5.101909230212174,3
1.637278423151312,4.544440540661837,-9.447052973996488,7.267630563432686,2
-6.645841279360522,-8.436005239479574,-8.507447524421554,8.157051877107628,1
-4.804366318526005,-7.569297411365515,-7.1023639534707605,7.521433698961351,1
-5.246195658850175,-8.026454986294635,-8.535692291396977,6.569247065479345,1
-7.503396151847075,-4.9660782394091605,-9.029010157399357,7.540955788678426,1
7.737622470225108,-6.129518511359473,-6.34468160611739,-7.503564150248885,3
0.6539851960313652,6.148727555151717,-8.676947391909229,9.503950834511366,2
-3.146937607304066,8.483289173196503,4.016738309803337,1.4176925647804772,0
6.50670627906789,-5.414530468512787,-5.33404317425963,-5.459594422902874,3
-2.496195731174843,10.467820205355638,4.375222002990145,4.693338850530351,0
7.077169508383673,-5.67606129021676,-6.957312063926693,-6.497541213248956,3
0.8997554286197618,3.2439487349066454,-8.570648647240448,9.669692354065534,2
6.661352137915686,-2.8848147307677086,-8.032099914736182,-5.273181273047445,3
1.693681759115191,4.764638987003252,-10.132424116198143,9.235404137167592,2
6.498532355736564,-6.079913999620841,-7.4060783505285634,-7.504143556367964,3
-2.778086313607581,7.907760219456652,7.213238639477962,2.0323881179552203,0
-3.2220434057299148,9.120716355890218,4.3849016188072465,3.477162672523421,0
0.017734802820871476,8.483417355278,4.150439393709879,3.0173305610098042,0
-3.485070876030083,10.067927924806161,3.6904799473961583,4.605551748778122,0
-1.9494071751217104,10.095066853752943,5.473800990777005,2.4323497631691686,0
-1.3079837008888053,8.60621075517677,2.6017543010502475,0.9650833730233279,0
-2.3949699743907105,9.164587889660199,4.276266624014245,1.9162240602196645,0
-7.533702874278694,-8.710742490132404,-8.32712515711103,8.69718146066166,1
6.555908609394847,-5.992719708456226,-5.246666880328034,-6.145493633187277,3
6.412882828797464,-5.009032076119443,-5.941954572321427,-6.065091406635922,3
-7.528904736217277,-8.104049860038202,-8.804244288376784,6.553549684440061,1
-0.5072598428301274,3.8648440968511104,-9.34698817916717,8.247182959620378,2
0.41463920774611696,4.346192134816634,-7.564703894854311,9.404996887799884,2
8.773624219025397,-4.421878724446074,-4.443133153713727,-7.554804822486887,3
-0.13104268500706873,5.258604267674604,-10.067147570092356,8.535421279196765,2
-1.9898511088115778,10.5470250412009,4.531118687771244,2.3748814060396732,0
6.851181612431238,-4.121360887345368,-7.096533651381977,-4.513847880373499,3
1.7433373045323672,3.8816913874250742,-8.79793821803224,9.738248337808777,2
-6.580874282785584,-7.6319006433711305,-9.264685352841553,8.471968624695458,1
7.259068985597658,-5.596244825466043,-6.950031925421923,-6.107693398640531,3
7.327799803770668,-6.565620135371897,-6.4125299966960245,-6.492269883976155,3
-6.690045574552527,-5.8790635007088055,-11.541560049635248,8.00139823502961,1
5.59871207640629,-4.995722637096991,-4.992964511861274,-5.636706902847324,3
0.5257709797740966,3.5114276215140108,-9.671748083874311,7.948551823541356,2
-2.2598139393419947,10.591739407961796,4.544583303841149,2.2521912097110715,0
-1.3141509941279077,7.491099223414547,4.080956988956513,2.350381559005253,0
6.026818010454054,-5.170480203260612,-5.86662706535039,-5.262138347947474,3
2.2173252188923023,3.4031694870333187,-10.718925449021476,10.020908267140154,2
2.7376815503054197,4.879637281628844,-9.149834375274224,9.417813700933875,2
-5.195699499693402,-7.338993856144887,-7.7596469232047145,7.285014445997996,1
-2.3062746022014506,7.49854201320109,6.187384037558163,3.7690473570362535,0
-5.85705675914163,-4.440357186936674,-7.454054938125492,7.887432035551063,1
6.040626308563676,-5.390102158689953,-6.0523906647147925,-8.221559095027477,3
-6.978215323435532,-6.861259970331099,-8.130113333379454,7.556739046762205,1
2.252370994055578,4.659194645012303,-8.92238586202949,9.819783653854342,2
5.696536435269639,-6.430212924893008,-7.136160101128811,-5.5017179910687135,3
-7.667410943059509,-7.500957191527062,-9.0064715752208,6.851432337801576,1
-6.201701319812001,-7.368021001421649,-6.681019543370507,6.717807992495365,1
6.720106565919328,-7.0467254116385725,-7.0591955330550515,-7.2500367863478985,3
-3.5304304401834634,9.722642575497675,4.8836795499993,1.4090910532040035,0
6.160578973556891,-5.1198909603632385,-6.340869803181119,-7.73747285678761,3
-4.534340209710358,9.20074044296775,3.9780923714597134,2.825603018736956,0
1.197786073336502,3.5528618326812085,-10.117287822147967,8.341639400479632,2
5.331720896061851,-4.977189872591001,-7.365717674784713,-7.084345040284359,3
8.813908883815039,-4.562669192090881,-6.150926625225773,-5.3049235396115915,3
-2.2516472323299856,8.939840212432154,2.72110762092906,1.946655808491515,0
5.868653686890973,-4.4226428823954365,-7.560289302284299,-5.438212113542213,3
2.09433709614792,3.949242586019757,-10.540228574106187,9.475677561758749,2
-0.18956167646533117,5.694885257217234,-11.012267266534096,9.131544714005472,2
6.970935126775421,-5.764309790383079,-7.176515028118118,-5.508629887253618,3
-3.0489573033621116,8.235981402796009,4.835724091325783,0.9947969063257,0
